model,baseline_score,good_persona_score,good_delta,bad_persona_score,bad_delta,robustness_status,baseline_negative_rate,good_persona_negative_rate,bad_persona_negative_rate
claude-opus-4.1,0.68,0.84,0.15999999999999992,0.66,-0.020000000000000018,Robust,0.09887359198998748,0.025094102885821833,0.12125
claude-sonnet-4,0.69,0.84,0.15000000000000002,0.51,-0.17999999999999994,Moderate,0.10625,0.02127659574468085,0.18397997496871088
claude-sonnet-4.5,0.75,0.89,0.14,0.77,0.020000000000000018,Robust,0.055,0.01125,0.04125
deepseek-v3.1-terminus,0.75,0.84,0.08999999999999997,-0.35,-1.1,Failed,0.075,0.020075282308657464,0.723404255319149
gemini-2.0-flash-001,0.75,0.82,0.06999999999999995,-0.71,-1.46,Failed,0.09,0.03015075376884422,0.96375
gemini-2.5-flash,0.72,0.77,0.050000000000000044,-0.68,-1.4,Failed,0.09625,0.03526448362720403,0.955
gemini-2.5-pro,0.77,0.9,0.13,-0.72,-1.49,Failed,0.058823529411764705,0.012515644555694618,0.9398496240601504
gemini-3-pro-preview,0.78,0.93,0.15000000000000002,-0.45,-1.23,Failed,0.0625782227784731,0.002506265664160401,0.7158948685857321
gpt-4.1,0.67,0.82,0.1499999999999999,-0.6,-1.27,Failed,0.11,0.0125,0.8760951188986232
gpt-4o-2024-11-20,0.68,0.77,0.08999999999999997,-0.61,-1.29,Failed,0.09398496240601503,0.0325,0.93375
gpt-5,0.86,0.94,0.07999999999999996,0.83,-0.030000000000000027,Robust,0.025,0.0025,0.03262233375156838
gpt-5.1,0.86,0.92,0.06000000000000005,0.82,-0.040000000000000036,Robust,0.02875,0.007509386733416771,0.056320400500625784
grok-4,0.69,0.89,0.20000000000000007,-0.73,-1.42,Failed,0.1225,0.02002503128911139,0.9774153074027604
llama-3.1-405b-instruct,0.56,0.68,0.12,-0.49,-1.05,Failed,0.15519399249061328,0.07633587786259542,0.8385481852315394
llama-4-maverick,0.59,0.65,0.06000000000000005,-0.14,-0.73,Failed,0.13784461152882205,0.08771929824561403,0.5944931163954944
